2025-05-06 19:02:18,sad
2025-05-06 22:38:54,neutral
2025-05-07 09:16:24,neutral
2025-05-07 09:26:39,neutral
2025-05-07 12:41:57,neutral
2025-05-07 16:00:50,neutral
2025-05-07 16:05:08,neutral
2025-05-07 17:37:43,neutral
2025-05-07 23:09:02,neutral
2025-05-07 23:31:32,neutral
2025-05-08 00:20:17,neutral
2025-05-08 00:24:44,neutral
2025-05-08 15:17:05,sad
2025-05-08 21:08:58,neutral
2025-05-08 22:50:38,neutral
2025-05-08 22:52:12,neutral
2025-05-08 23:46:33,neutral
2025-05-08 23:52:03,neutral
2025-05-09 01:38:18,neutral
2025-05-09 07:03:39,neutral
2025-05-09 07:04:59,neutral
2025-05-09 07:29:04,sad
2025-05-09 07:29:28,neutral
2025-05-09 21:24:41,sad
2025-05-09 21:48:30,sad
